<?xml version="1.0" encoding="UTF-8"?>
<beans xmlns="http://www.springframework.org/schema/beans" xmlns:xsi="http://www.w3.org/2001/XMLSchema-instance"
       xsi:schemaLocation="http://www.springframework.org/schema/beans http://www.springframework.org/schema/beans/spring-beans.xsd"
       default-lazy-init="true">

    <bean id="adminInterceptor" class="uk.ac.le.student.zl91.webapp.interceptor.UserRoleAuthorizationInterceptor">
        <property name="authorizedRoles" value="ROLE_ADMIN"/>
    </bean>
    
    <bean id="accessDeniedInterceptor" class="uk.ac.le.student.zl91.webapp.interceptor.AccessDeniedInterceptor" />

    <bean id="signupAction" class="uk.ac.le.student.zl91.webapp.action.SignupAction" scope="prototype">
        <property name="userManager" ref="userManager"/>
        <property name="roleManager" ref="roleManager"/>
        <property name="mailEngine" ref="mailEngine"/>
        <property name="mailMessage" ref="mailMessage"/>
        <property name="templateName" value="accountCreated.vm"/>
    </bean>

    <bean id="userAction" class="uk.ac.le.student.zl91.webapp.action.UserAction" scope="prototype">
        <property name="userManager" ref="userManager"/>
        <property name="roleManager" ref="roleManager"/>
        <property name="mailEngine" ref="mailEngine"/>
        <property name="mailMessage" ref="mailMessage"/>
        <property name="templateName" value="accountCreated.vm"/>
    </bean>

    <bean id="passwordHintAction" class="uk.ac.le.student.zl91.webapp.action.PasswordHintAction" scope="prototype">
        <property name="userManager" ref="userManager"/>
        <property name="mailEngine" ref="mailEngine"/>
        <property name="mailMessage" ref="mailMessage"/>
    </bean>
</beans>
