<?xml version="1.0" encoding="UTF-8"?>
<groups xmlns="http://www.isdc.ro/wro">

    <!-- CSS URL Rewriting fails when using webjar resource locator:
         https://github.com/alexo/wro4j/issues/127 -->
    <group name="main">
        <css>classpath:META-INF/resources/webjars/bootswatch/3.0.0/spacelab/bootstrap.min.css</css>
        <css>/styles/style.css</css>
        <js>classpath:META-INF/resources/webjars/jquery/1.8.3/jquery.min.js</js>
        <js>classpath:META-INF/resources/webjars/bootstrap/3.0.2/js/bootstrap.min.js</js>
        <js>classpath:META-INF/resources/webjars/jquery-cookie/1.3.1/jquery.cookie.js</js>
        <js>/scripts/script.js</js>
    </group>
</groups>
