<?xml version="1.0" encoding="UTF-8"?>
<dataset>
    <table name="app_user">
        <column>id</column>
        <column>username</column>
        <column>password</column>
        <column>first_name</column>
        <column>last_name</column>
        <column>address</column>
        <column>city</column>
        <column>country</column>
        <column>email</column>
        <column>phone_number</column>
        <column>postal_code</column>
        <column>province</column>
        <column>website</column>
        <column>password_hint</column>
        <column>version</column>
        <column>account_enabled</column>
        <column>account_expired</column>
        <column>account_locked</column>
        <column>credentials_expired</column>
        <row>
            <value description="id">1</value>
            <value description="username">user</value>
            <value description="password">$2a$10$CnQVJ9bsWBjMpeSKrrdDEeuIptZxXrwtI6CZ/OgtNxhIgpKxXeT9y</value>
            <value description="first_name">Tomcat</value>
            <value description="last_name">User</value>
            <value description="address"></value>
            <value description="city">Denver</value>
            <value description="country">US</value>
            <value description="email">matt_raible@yahoo.com</value>
            <value description="phone_number"></value>
            <value description="postal_code">80210</value>
            <value description="province">CO</value>
            <value description="website">http://tomcat.apache.org</value>
            <value description="password_hint"><![CDATA[The same as your username.]]></value>
            <value description="version">1</value>
            <value description="account_enabled">1</value>
            <value description="account_expired">0</value>
            <value description="account_locked">0</value>
            <value description="credentials_expired">0</value>
        </row>
        <row>
            <value description="id">2</value>
            <value description="username">admin</value>
            <value description="password">$2a$10$bH/ssqW8OhkTlIso9/yakubYODUOmh.6m5HEJvcBq3t3VdBh7ebqO</value>
            <value description="first_name">Matt</value>
            <value description="last_name">Raible</value>
            <value description="address"></value>
            <value description="city">Denver</value>
            <value description="country">US</value>
            <value description="email">matt@raibledesigns.com</value>
            <value description="phone_number"></value>
            <value description="postal_code">80210</value>
            <value description="province">CO</value>
            <value description="website">http://raibledesigns.com</value>
            <value description="password_hint"><![CDATA[The same as your username.]]></value>
            <value description="version">1</value>
            <value description="account_enabled">1</value>
            <value description="account_expired">0</value>
            <value description="account_locked">0</value>
            <value description="credentials_expired">0</value>
        </row>
    </table>
    <table name="role">
        <column>id</column>
        <column>name</column>
        <column>description</column>
        <row>
            <value description="id">1</value>
            <value description="name">ROLE_ADMIN</value>
            <value description="description"><![CDATA[Administrator role (can edit Users)]]></value>
        </row>
        <row>
            <value description="id">2</value>
            <value description="name">ROLE_USER</value>
            <value description="description"><![CDATA[Default role for all Users]]></value>
        </row>
    </table>
    <table name="user_role">
        <column>user_id</column>
        <column>role_id</column>
        <row>
            <value description="user_id">1</value>
            <value description="role_id">2</value>
        </row>
        <row>
            <value description="user_id">2</value>
            <value description="role_id">1</value>
        </row>
    </table>
</dataset>
