<?xml version="1.0" encoding="UTF-8" ?>
<!DOCTYPE log4j:configuration SYSTEM "log4j.dtd">

<log4j:configuration xmlns:log4j="http://jakarta.apache.org/log4j/">

    <appender name="CONSOLE" class="org.apache.log4j.ConsoleAppender">
        <layout class="org.apache.log4j.PatternLayout">
            <!--
            <param name="ConversionPattern"
                   value="%p [%t] %c{1}.%M(%L) | %m%n"/>
                   -->
            <!-- Customise the debug format, by Liang Zhipeng -->
            <param name="ConversionPattern"
                   value="%p %c{1}.%M(%L): %m%n"/>
        </layout>
    </appender>

    <!--add for debugging the application, by Liang Zhipeng-->
    <logger name="uk.ac.le.student.zl91">
        <level value="DEBUG"/>
    </logger>


    <logger name="net.sf.ehcache">
        <level value="ERROR"/>
    </logger>

    <!-- Suppress success logging from InteractiveAuthenticationSuccessEvent -->
    <logger name="org.springframework.security">
        <level value="ERROR"/>
    </logger>

    <logger name="org.apache">
        <level value="WARN"/>
    </logger>

    <logger name="org.apache.velocity">
        <level value="FATAL"/>
    </logger>

    <!-- Suppress invalid warning messages from JSF -->
    <logger name="org.apache.myfaces">
        <level value="ERROR"/>
    </logger>

    <!-- Suppress warnings from Struts -->
    <logger name="org.apache.struts2.util.TextProviderHelper">
      <level value="ERROR"/>
    </logger>

    <logger name="com.opensymphony.xwork2.util.OgnlUtil">
       <level value="ERROR"/>
    </logger>

    <logger name="com.opensymphony.xwork2.ognl.OgnlValueStack">
       <level value="ERROR"/>
    </logger>

    <logger name="org.dbunit">
        <level value="WARN"/>
    </logger>

    <logger name="org.hibernate">
        <level value="WARN"/>
    </logger>
  
    <!--logger name="org.hibernate.SQL">
        <level value="DEBUG"/>
    </logger-->

    <logger name="org.springframework">
        <level value="WARN"/>
    </logger>

    <logger name="org.appfuse">
        <level value="DEBUG"/>
    </logger>

    <logger name="org.appfuse.tool">
        <level value="INFO"/>
    </logger>

    <root>
        <level value="WARN"/>
        <appender-ref ref="CONSOLE"/>
    </root>

</log4j:configuration>
